Tweet,Kelas
"E-Talkshow LIVE TV ONE With SANDIAGA UNO

Music By Miracle Entertainment",0
idk why but its funny how emak emak are crushing on sandiaga uno lmsjso,0
Can we just stop talking about politics atm and appreciate Sandiaga Uno for being that handsome and awet muda and cool and,0
"Prabowo Subianto and his running mate Sandiaga Uno (Prabowo-Sandi) named five people who they’d consider for the position of attorney general if they’re elected
http://yosefardi.com/2019/02/04/prabowo-sandi-their-cabinet-rhetorics/ …",0
Sandiaga Uno is hitting by those aging issues. Now he looks as old as everyone. I am sad. ,0
"On Thursday 17 January 2019 the first debate between the two presidential pairs - (1) Joko Widodo & Ma'ruf Amin and (2) Prabowo Subianto & Sandiaga Uno - took place at Hotel Bidakara in Pancoran (South Jakarta). 
#jakarta #elections #indonesia #debate
Read:https://www.indonesia-investments.com/news/news-columns/road-to-indonesia-s-2019-presidential-election-gap-narrows-after-1st-presidential-debate/item9075 …",0
"Is it just me or manggil nama lengkap pas lagi serius ato mau marah-marah only happen in novel?

Like,
""Sandiaga Uno, listen to me.""

Heck. It really didn't happen in my real life and me, who have ten syllabels as full name sincerely can't relate.",0
Why the hell gw suddenly obsessed with Sandiaga uno ?? Like omg not gonna Lie though sih but i find that he’s actually attractive dan literally ganteng asfffff lahhh. Hahah,0
"As the nation with the largest Muslim population in the world, it was only a matter of time before Indonesian authorities looked into the Nike Air Max controversy as well
https://coconuts.co/jakarta/news/indonesian-police-inspect-nike-factory-search-air-max-shoes-allegedly-containing-word-allah-sole/ …",0
"""[pro-Prabowo bigot] Taufiqurrahman opined that the statement [*Russia-style propaganda* AKA fake news, objectively THE specialty of Prabowo's camp] was a slander against his opponent[s] Prabowo Subianto - Sandiaga Uno and that should not be done during an election campaign."" %",0
"Yang share foto Sandiaga Uno dengan caption “daddyyy”

IM SORRY BUT PLEASE STOP ",0
"Indonesia-based commercial lender Bank Kesejahteraan Ekonomi, backed by vice president candidate Sandiaga Uno, to go public this year https://bit.ly/2Rx8vBi ",0
"On February 5, Pak Hashim Djodjohadikusumo will present the views of Presidential candidate Lt Gen (ret.) Prabowo Subianto and Vice-Presidential candidate Sandiaga Uno at our Election Series Luncheon. Event
by invitation only. ",0
welcome tv :) #bukanpendukungkirikanan,0
"PT. Saratoga Investama Sedaya Tbk (SRTG), which shares owned by Sandiaga Uno, 2019 Indonsian Vice Presidential Candidate and Former Vice Governor of Jakarta, sold their assets to PT. Toba Bara Sejahtera Tbk (TOBA)
https://www.idnfinancials.com/id/n/21404/Saratoga-Investama-jual-aset-ke-Toba-Bara-Sejahtera …
#idnfinancials
 by Google Image Search",0
"DENGAN LEGOWONYA WOWO SERAHKAN PASLON 01-JokowiAmin.

Capres Prabowo Subiantosempat salah menyebut nomor urut pencalonannya di Pilpres 2019. Saat pidato dalam HUT ke-20  (FSPMI), Prabowo mengatakan dia dan cawapres-nya, Sandiaga Uno, nomor urut 01. ",0
"JLEBBB..Alasan Alumni PL Tidak Dukung Sandiaga Uno
Krn kompetensi,krn pengalaman Pak @jokowi 

Alumni SMA Pangudi Luhur angkatan 1980-an mendeklarasikan diri utk mendukung paslon nomor 01 Jokowi-Ma'ruf Amin.Padahal cawapres nomor 02 @sandiuno merupakan alumni PL angkatan 1987",0
"Wah, nggak nyangka! Di Kecamatan Semampir Surabaya, Sandiaga Uno  disambut sangat meriah 

#AnakPLPilihLelakiSejati",0
,0
"Sakit tuh Sandiaga Uno Alumni Pangudi Luhur ""Sandi...Out Jokowi th di teriakkan  
Saat Alumni Sandiaga Uno mendukung 
Jokowi -Ma'ruf Amin ",0
"Di bawah saling maki, saling cakar. Di atas hidup tetap normal. 

Intinya mereka juga cari makan, kita aja yang mau dibodohi.

Sandiaga Uno, pemilik PT Saratoga Investama Sedaya Tbk (SRTG) menjual seluruh kepemilikan sahamnya di PT Toba Bara Sejahtera Tbk (TOBA) milik Luhut. ",0
"Acara launching merchandise Sandiaga Uno bersama Iqbal Buchori, Founder of Sandi Uno Merchandise), Ria Ricis, salah satu Youtuber dengan jumlah subscriber terbanyak, dan Abdur, stand up comedian dengan gaya timurnya. Terima kasih buat semua yang sudah memeriahkan acara ini. ",0
"After visiting musician Ahmad Dhani in prison after his conviction under the ITE Law, Sandiaga Uno posted a video on his Instagram account with a caption promising to revise the law and remove the “elastic” clauses it contains. https://www.thejakartapost.com/news/2019/02/03/sandiagas-pledge-to-revise-ite-law-meets-with-skepticism.html …",0
full link:,0
Sandiaga Uno Pledges to Revise ITE Law after Visiting Ahmad Dhani http://dlvr.it/QxxGr0 ,0
"#YangGajiKamuSiapa 
#TinggalkanPBB 

HADAPI DG SENYUMAN
Feat : Sandiaga Uno

Hukum jangan dipakai untuk memukul lawan dan menolong teman
 
Hukum itu tegak lurus, jangan tajam ke satu sisi, tumpul ke sisi yang lain ",0
"VP candidate Sandiaga Uno said if elected, revising the controversial ITE law will be ""one of our top priorities"" after visiting singer Ahmad Dhani who is jailed for his tweets. The law has been in place for more than 10 years now and it has victimized 381 people. pic.twitter.com/Pe7k7otbvh",0
"Parpol bersekongkol membara,Mengusung calon tuk sandiwara
Memikat para kongko pejabat,Tuk memanipulasi suara rakyat
Fajar merangsang,Hanya penguasa bermandikan uang…",0
"Viral lagi, Panama Papers Seret Nama Prabowo dan Sandiaga uno http://www.melekpolitik.com/2019/02/07/viral-lagi-panama-papers-seret-nama-prabowo-dan-sandiaga-uno/ … via @melekpolitikcom",0
"Warga Madiun itu Sopan tapi juga tegas dan kukuh dalam berpendirian. 
Cukup dgn spanduk saja menyambut capres Sandiaga Uno. ",0
"dimenit ke 44 prabowo mengatakan yg tidak dukung sandiaga uno adalah antek aseng,  maksutnya opo pak, jadi massyarakat kita dikatakan  orang asing ? bpk sudah jls sng pro asing, malah mengatakan antek aseng,, 
#02ProAsing - #FadlizonHinaUlama #Atheisdi02 #DS05 aseing pic.twitter.com/cfmhS7PknM",0
Bp Cawapres Sandiaga uno di Palangka Raya dalam rangka penkuluhan para relawan pemenangan no 2 pd pilpres ,0
"Istri Sandiaga: 212 Kita Doa Bersama, Kalau Bisa Kita Penuhi Masjid

Istri cawapres Sandiaga Uno, Nur Asia, mengajak warga utk doa bersama pada 21 Februari mendatang. Doa itu digelar sebagai ikhtiar pemenangan Prabowo-Dandi di Pilpres 2019.",0
"""...power tends to corrupt, absolute power corrupts absolutely""..... Komitmen thd atmosfer demokrasi sejak awal, 02 memberi bukti, bukan janji..... Cawapresku memang beda 
#DarahMuda
#DarahMuda",0
"Dari Ahmad Dhani hingga Rocky Gerung menjadi target rezim 

Kedepannya tinggal nama Prabowo Subianto dan Sandiaga Uno yang jadi target bahan untuk dibusukkan 

Seperti rangkaian kicauan kami yang akhirnya terjadi

Kontestasi ala rezim pic.twitter.com/0wa3zpUPBa",0
"Episode drama politik yang diwarnai sebutan ""jenderal kardus"", ""jenderal baper"",  dan ""mulut comberan"" di awal pencawapresan Sandiaga Uno masih berlanjut.  PSI Mendesak Bawaslu utk mengusut kembali kasus MAHAR POLITIK 500M ini. 

https://www.kompasiana.com/dalbokondo/5c5bb2d6ab12ae51913238a4/urusan-mahar-sandi-kembali-digugat … pic.twitter.com/z7J557L7mf",0
Wow kocak! sekolahnya Sandiaga Uno aja pilih Jokowi. #CapresPilihanNetizen #FadliZonBegalUlama @ulinyusron @Uki23 @TheArieAir @sy_haris @SutanRiska @sejutateman @ruhutsitompul @RizmaWidiono @putra_bisma12 @permadiaktivis @PartaiSocmed @MurtadhaOne @kangded,0
"Apakah media sudah mulai berlaku netral?

Saya lihat dua hari ini media mulai terus terang membuat judul yang mengkritik JKW, dari masalah janji pertumbuhan ekonomi 7% yang dibilang hanya tinggal mimpi

#200SekolamJualUlama",0
"wah asyik nih Universitas Airlangga @Unair_Official berani tunjukkan jati dirinya, undang cawapres Sandiaga Uno sbg pembicara utama dlm diskusi panel ""Membangun Indonesia Sebagai Pusat Syiar Islam Dunia Dalam Era Globalisasi"" ayo KAMMI, PKS, HTI dll sukseskan tujuan mulia ini ",0
"Kabu Prabowo, Sandiaga uno bakal Hidupksn  PKI dan HTI demi kemenangan. apapun kampret lakukan asal tercapai kerakusanya. Ibarat binatang buas anak sendiri pun di makan. astagfirullahaladzim...
yg menuduh PKI dulu yg mulia pki dan mendukung Pki Mereka sendiri juga 
ngeri ",0
"Biar gak dituduh sebar hoax dan distigma hoax.Sandiaga Uno waktu itu menyampaikan keluhan nelayan ya wajar diberitakan.

Sekarang Nelayan sampaikan keluhan juga ke Jokowi. Jadi sampai sini paham gimana role of model ""Teriak Nyaring"" keciduk kemudian. https://m.detik.com/finance/berita-ekonomi-bisnis/d-4408001/jokowi-tegur-susi-soal-izin-usaha-perikanan-tangkap#Echobox=1548893302 …",0
"KPK mulai diarahkan untuk merusak reputasi sandiaga uno

Sementara dugaan korupsi JokowiAhok yang bejibun banyaknya diabaikan @KPK_RI",0
"Dukungan Alumni Pangudi Luhur

""Sandi...Out""

Saat Alumni Sandiaga Uno mendukung 
Jokowi -Ma'ruf Amin pic.twitter.com/36bbW7kdKx",0
"Nissa Sabyan mengaku tidak percaya bisa bertemu dengan Sandiaga Uno....
Yang Yakin PrabowoSandi menang Rt-----------
Yang Yakin PrabowoSandi pasti menang Rt&Like--------- ",0
Sandiaga Uno Bakal Sapa Emak-Emak Bengkulu https://kabarrafflesia.com/2019/02/sandiaga-uno-bakal-sapa-emak-emak-bengkulu/?utm_source=dlvr.it&utm_medium=twitter …,0
"Wow...

Antusias masyarakat kalimantan tengah Palangkaraya menyambut bang @sandiuno Tak terbendung…",0
"PRABOWO diberi gelar ""Star Of Soekarno""

SANDIAGA UNO diberi gelar ""Raden Wira Arsana""
 
Lha kok OJOKUWI bangga sekali diberi gelar ""Cak Jancuk"" ",0
"Dulu rame-rame Bully Sandiaga Uno perkara izin kapal. Sekarang Pak Jokowi Sendiri yang menegur Ibu Susi. Ingat betul, ada orang yang modal berita doang tanpa Survey kelapangan berbusa di Media Sosial. Kayak @GunRomli ini.",0
sesepoh dan cucu sunan kalijogo demak kota wali mendukung sandiaga uno. ,0
#AhmadDhaniKorbanRezim,0
Sudah terbit buku berisi motivasi hidup bahagia ala babang tamvan Sandiaga Uno. Cukup infak Rp65 ribu. Minat silahkan hub WA:081274665660. @ardi_riau @Fahrihamzah @fadlizon @fahiraidris @sandiuno @PRABOWO___SANDI,0
Lucu aja ternyata benar nich kata #sandiagauno ,0
"Kedatangan @sandiuno ke Pasar Raya Padang disambut antusias oleh warga yg didominasi kaum ibu. Yel-yel ""Uda Sandi"" diteriakkan oleh pendukung

""Ya Allah ganteng sekali @sandiuno,'' celetuk seorang remaja saat melihat scr langsung
#SumbarMemilihPrabowoSandi",0
Cawapres Sandiaga Uno no urut 02 dalam sambutan Deklarasi GEMAKOPIn di Sumedang Jawa Barat disambut komunitas Koperasi dan masyarakat yang membludak pic.twitter.com/602zCn7S1G,0
"KEREN!! Buka Lapangan Kerja Seluas-luasnya Untuk Milenial, Sandiaga Uno Luncurkan GeKrafs https://bit.ly/2G785Am ",0
"Org ini nekad menerobos kerumunan, membelah pengawalan dan meneriakan ""Jokowi...Jokowi"" tepat di gendang telinga Sandiaga Uno...!!

Savage ",0
"...Hanya karena Jaenudin Ngaciro, junjungan mereka, kerap melakukan pencitraan saat kondisi bencana lantas mereka menganggap bahwa Sandiaga Uno pasti memiliki moral busuk serupa junjungan mereka...Susahnya berantas hoax yah begini, dilestarikan rezim dan pendukungnya sih... (``,)",0
Prabowo Subianto-Sandiaga Uno : Kami Politik Damai ,0
"Ayo silahkan temen temen yg suka dengan Kaos KEREN dan Kemeja ini,bisa langsung pesen hubungi Pak Sandiaga Uno.  pic.twitter.com/bi9CQ4jt6y",0
Sandiaga Uno Sangat Di Sambut Dengan Adat Dayak ,0
"Sandiaga Uno telah bersandiwara utk membohongi publik dgn membuat sebuah unggahan status di akun Instagram miliknya. Dalam akunnya, @sandiuno mengunggah gambar seorang wanita yg menangis histeris ketika ingin meminta foto bersama dirinya saat berada di Sumedang, Jawa Barat",0
"Tanggapan Sandiaga Uno soal Debat Capres - Cawapres beberapa waktu lalu.
Tonton selengkapnya E-Talkshow di tvOne connect, android http://bit.ly/2EMxVdm  & ios https://apple.co/2CPK6U3 . 
#EtalkshowtvOne pic.twitter.com/ShZ0E25UAp",0
Faldo keren strateginya. Mirip Mas Sandiaga Uno. Sekelas Faldo ga mungkin ga kenal Addie MS. Gak mungkin ga tahu potosop. Tapi liat hasilnya. Twit dia dibicarakan saktaimlain. Yg komentarin selebtiwit hingga doktor palugada. Faldo ada dalam top of mind pemilih di dapil taimlain,0
"Kunjungi Ahmad Dhani, Cawapres Sandiaga Uno Berkomitmen Cabut Pasal-pasal Karet UU ITE, Jangan Gunakan Hukum untuk Pukul Lawan https://bit.ly/2MK7rt9 ",0
"Jenguk Ahmad Dhani, Sandiaga Uno Janji Revisi Undang-undang ITE https://www.abadikini.com/2019/01/31/jenguk-ahmad-dhani-sandiaga-uno-janji-revisi-undang-undang-ite/ …",0
"Nih...

@ndoro__Putri @RajaPurwa @Ndon08Back

https://news.detik.com/berita/d-4406941/tepis-sandiwara-uno-ii-ilyas-ungkap-penyebab-lumpur-hanya-di-badan-depan …

Sosok pria dengan lumpur yang hanya ada di badan bagian depan saat bertemu dengan cawapres Sandiaga Uno memicu kontroversi. Pria itu kini angkat bicara.",0
Prabowo-Sandiaga Uno Siapkan Materi Debat Babak Kedua ,0
Sandiaga Uno Sapa Warga Palangka Raya http://dlvr.it/Qy7FgQ ,0
"Mas sandiaga uno 
Sweaternya bagus bagi satu dong..
Boleh ya please pic.twitter.com/juU9HGMir8",0
Sandiaga uno dilhokseunawe ,0
Sandiaga Uno sebelum mengenal Politik !! ,0
Harus bnyak Belajar dari Babang Tampan Sandiaga Uno  ,0
"#FotoProfilBaru

Biar di kira bang Sandiaga Uno kkkkkk ",0
Pengemudi Truk Ikan Keluhkan Tingginya Biaya Tol Kepada Sandiaga Uno pic.twitter.com/PtRWAKKgUR,0
I liked a @YouTube video http://youtu.be/WRNmbYyLThI?a  Sandiaga Uno Sampe Demak,0
Prabowo-Sandiaga Uno Terima Masukan dari Kwik Kian Gie Dan Sejumlah Pakar Ekonomi pic.twitter.com/4GZtWCR1FF,0
"Gunung Rinjani mrpkan salah satu Detinasi Wisata yg paling di senangi oleh para pencinta Pendaki gunung baik dari dalam negri maupun manca negara, Gunung Rinjani terletak di pulau Lombok bagian Utara dgn ketinggian…",0
"Sandiaga Uno sebut tempe setipis ATM seiring dengan menguatnya Dollar AS
Faktanya, tidak ada tempe setipis ATM #HobiKokFitnah",0
"See Interest over time on Google Trends for Sri Mulyani, Sandiaga Uno - Indonesia, Past 12 months - ",0
"This is people’s election, not for the regional head: Sandiaga Uno.",0
Sandiaga Uno Slams Regional Heads Declaring Support for Jokowi http://dlvr.it/Qxcywg ,0
Janji palsu dan sandiwara klasik dari Sandiaga Uno ,0
Ternyata Sandiaga Uno didukung oleh Simpatiasan  HTI ,0
Sulawesi tenggara. Kendari #sandiagauno ,0
Politik Lari Sandiaga Uno Untuk Indonesia ,0
"Kasihan Pria ini, dijanji leh Sandiaga Uno sampai-sampai rela mandi lumpur demi menagih janji sandiaga yang tak kunjung ditepati. #KoalisiPrabohong",0
Akar Rumput PPP Tetap Dukung Prabowo-Sandiaga Uno pic.twitter.com/0B668xzkVL,0
Sandiwara politik dari Sandiaga Uno ,0
"Cawapres Sandiaga Uno mengunjungi tempat pelelangan ikan di Pelabuhan Tasikagung, Rembang, Jawa Tengah. Sandi mendapat sambutan antusias dari kalangan nelayan dan petani garam. #Liputan6SCTV pic.twitter.com/WJ3Jcf53Uq",0
"Wakil Ketua Badan Pemenangan Nasional (BPN) Prabowo Subianto-Sandiaga Uno, Priyo Budi Santoso, menegaskan: Kami Punya Survei yang Bikin Gembira, Ada Angin Perubahan ",0
Breaking News!!! Bpk @Pak_JK Resmi Bergabung dan Mendukung Bpk Prabowo dan Bpk Sandiaga Uno pd Jam 16.00  ,0
Sandiaga Uno Sapa Masyarakat Di Pasar Bung Karno Wonogiri pic.twitter.com/8uhfHmn8yJ,0
Kedatangan Sandiaga uno kmrn mlm ke kab Pati Jawa Tengah kemudian Siang ini tdi kunjungan menuju TPI bajomulyo juwana Pati d Sambut meriah ,0
"Guntur Romli ""Sandiaga Uno Telah Menyewa Aktris untuk  Berakting Menangis Meminta Foto Bersama Saat Kunjungan ke Daerah"" ",0
"Compared to Prabowo Subianto, Sandiaga Uno has been the more active one in the presidential campaign trail
http://yosefardi.com/2019/01/29/sandis-political-ambition/ …",0
"Ahmad Dhani Dipenjara, Sandiaga Uno: Jangan Hukum Digunakan untuk Memukul Lawan
#AhmadDaniKorbanRezim",0
"Warganet ramai buat tagar #SaveAhmadDhani 

Menurut @Fahrihamzah Penahanan langsung @AHMADDHANIPRAST hari ini akan membuat elektabilitas Petahana turun sampai 5%

Polling yuk, di Pilpres 2019 pilih siapa ?

01. Jokowi - Ma'ruf Amin ( Like )
02. Prabowo - Sandiaga Uno ( Retweet )",0
"Tim Sukses Prabowo-Sandiaga Uno Himpun Saran Dari Para Ahli, Terutama Jusuf Kalla ",0
"Timses Prabowo-Sandiaga Uno : Tahun 2017, Cicilan Utang Kita 500 Triliun Setahun ",0
Tim Sukses Prabowo-Sandiaga Uno Usulkan Debat Berkonsep “Free Fight” ,0
"Sejak Debat Pertama, Prabowo-Sandiaga Uno Tidak Pernah Buka Contekan ",0
Prabowo-Sandiaga Uno Difitnah Dengan Tuduhan Sewa Konsultan Asing ,0
Prabowo-Sandiaga Uno Tidak Akan Sia-Siakan Petambak Garam Pulau Madura ,0
Timses Prabowo-Sandiaga Uno : 32 Kepala Daerah Tertangkap Tangan Oleh KPK ,0
"Kampanye di Jateng, Sandiaga Uno Diteriaki Kata-kata Tak Pantas L*NT* dari Pendukung Sebelah https://bit.ly/2S2v32g ",0
"Sandiaga Uno mau membangun infrastruktur tanpa utang, tanpa membebani anggaran, tanpa menaikkan pajak, tanpa menghapus subsidi, dikiranya uang tinggal cetak kali yah sob ? ",0
Temen gua begron chat watsap nya sandiaga uno. Gangerti,0
Warga berteriak histeris menyambut secara gegap gempita cawapres sandiwara eh sandiaga uno di eromoko wonogiri.. ,0
"Ini tulisan gua gimana ""kejahatan digital berbasis brifieng group WA ala berudu online"" ketika Sandiaga Uno masih jadi Wagub DKI Jakarta.

Modelnya begitu, framing berjamaah, melipir teratur. Baca aje: ",0
Berita terbaru (Sandiaga Uno ajak masyarakat lakukan jihad ekonomi) telah ada di http://PILPRES.id  - https://pilpres.id/info/sandiaga-uno-ajak-masyarakat-lakukan-jihad-ekonomi.html … pic.twitter.com/89FXDwCcZg,0
Keluhan Aci dan Dahlia Pedagang Ayam di Pasar Segiri Samarinda Pada Sandiaga Uno #IndonesiaMenang https://www.2019gantipresiden.org/2019/01/keluhan-aci-dan-dahlia-pedagang-ayam-di.html …,0
"Sandiaga uno di TPI Tasikagung Rembang, Jawa Tengah.
Bertemu dengan para nelayan dan petani garam @sandiuno",0
"Sandiaga Uno, Sudah Saatnya Jihad Ekonomi https://penanegeri.com/sandiaga-uno-sudah-saatnya-jihad-ekonomi/34635/ …",0
"Politisi PSI, Muh. Guntur menyindir Adegan ibu-ibu nangis minta foto bareng hanyalah hasil sandiwara Sandiaga Uno dengan Caleg PAN yang sudah saling kenal
#Koalisiprabohong #sandiwarauno",0
"RELAWAN & PENDUKUNG 02
Muslim, Nasrani, Budha, Hindu, Katolik, Protestan

Saatnya Kembali Gaungkan Nama
Prabowo Subianto & Sandiaga Uno

Sebarkan Prestasi, visi misi , Gagasan
@prabowo & @sandiuno 

@adilmakmur02
#2019PrabowoPresidenRI",0
"Rocky Gerung dan Sandiaga Uno Diskusi di Pesantren, Foto dan Videonya Jadi Viral #IndonesiaMenang https://www.2019gantipresiden.org/2019/01/rocky-gerung-dan-sandiaga-uno-diskusi.html …",0
"Pulang Kampanye dari Wonogiri, Sandiaga Uno Dikawal 10 Mobil PDIP #IndonesiaMenang https://www.2019gantipresiden.org/2019/01/pulang-kampanye-dari-wonogiri-sandiaga.html …",0
"Tadi malam Sandiaga Uno masuk kota Pati, tapi disambut masyarakat Pati dengan teriakan Jokowi... Jokowi... pic.twitter.com/8QjjfNDQlf",0
sandiaga uno ke pati jateng malah yg dipanggil jokowi ,0
"Di Kampung Nelayan Manggar Balikpapan, Sandiaga Uno Ucapkan Ini #IndonesiaMenang https://www.2019gantipresiden.org/2019/01/di-kampung-nelayan-manggar-balikpapan.html …",0
CANDUQQ | KUBU PRABOWO TAK MENCEMASKAN VIRAL SANDIAGA UNO JILID II http://canduqqpoker.co/canduqq-kubu-prabowo-tak-mencemaskan-viral-sandiaga-uno-jilid-ii/ …,0
"Kunjungan cawapres @sandiuno ke korban banjir di Makassar jadi ramai dibahas karena dianggap sebagai sandiwara. Bagaimana awal mulanya?
#SandiagaUno #Viral",0
"Semarangpedia - Sandiaga Uno Akan Ajak Masyarakat Demak Berolahraga Bersama | https://semarangpedia.com/sandiaga-uno-akan-ajak-masyarakat-demak-berolahraga-bersama/ …
.
#demak, #pemilu, #pilpres, #sandiagaunoakanajakmasyarakatdemakberolahragabersama, #semarangpedia pic.twitter.com/gVNUaiBdMY",0
Curhat  dan Masukan Ikhwan Penjual Serbet kepada Sandiaga Uno di TPI Tasik Agung - Pusat Siaran Pers Indonesia - https://pusatsiaranpers.com/2019/01/30/curhat-dan-masukan-ikhwan-penjual-serbet-kepada-sandiaga-uno-di-tpi-tasik-agung/ …,0
"Sandiwara Sandiaga Uno makin panik 
kabu sebelah hobby bikin sandiwara dan  Hoax    ",0
"Sandiaga Uno, Sidah Saatnya Jihad Ekonomi - Apa Kabar News - https://apakabarnews.com/2019/01/30/sandiaga-uno-sidah-saatnya-jihad-ekonomi/ …",0
"Politisi PSI, Muh. Guntur menyindir Adegan ibu-ibu nangis minta foto bareng hanyalah hasil sandiwara Sandiaga Uno dengan Caleg PAN yang sudah saling kenal
#Koalisiprabohong #sandiwarauno",0
"Inilah sosok yang di isukan akan menggantikan kampanye Ahmad dhani

Jakarta - Lembaga survei Alvara Research Center mengeluarkan survei terbaru menjelang Pilpres 2019. Elektabilitas dua pasang kandidat, yakni Joko Widodo-Ma'ruf Amin dan Prabowo Subianto-Sandiaga Uno, diadu. … ",0
Wahuhh pernyataan langsung loh ini dari ibu angkat Pak Sandiaga Uno ,0
Keluar dari Wonogiri Sandiaga Uno Dikawal Tujuh Mobil Branding PDI-P http://dlvr.it/Qxn2kn ,0
Sugeng rawuh Bp.SandiagaUno wonten Demak Kota Wali ,0
"Pulang Kampanye dari Wonogiri, Sandiaga Uno Dikawal 10 Mobil PDIP https://www.2019gantipresiden.org/2019/01/pulang-kampanye-dari-wonogiri-sandiaga.html … pic.twitter.com/YxdimLJ6pN",0
SANDIAGA UNO INI TERLALU BANTAK.JANJI2 TIPU MENIPU DIMANFAATKAN SPERTI JAKARTA YG TELAH JADI KORBAN TIPUAN SANDIAGA SEPERTI ,0
"Di Kampung Nelayan Manggar Balikpapan, Sandiaga Uno Ucapkan Ini #2019GantiPresiden https://www.2019gantipresiden.org/2019/01/di-kampung-nelayan-manggar-balikpapan.html …",0
PDI Perjuangan langsung bereaksi saat Joko Widodo yang dilaporkan kubu Prabowo-Sandiaga Uno ke Bawaslu. #BantengBlusukanSeru,0
"Ya gitu, bisa kompak. Inget gak dulu ada yang sebar hoax plat mobil Sandiaga Uno? Diframing bareng ame akun gelembung sabun. 

Ujungnya keciduk itu hoax. Melipir berjamaah, terus aje dah gitu Ampe Ariana Grande mampir ke Ciraos~",0
"Pulang Kampanye dari Wonogiri, Sandiaga Uno Dikawal 10 Mobil PDIP #2019GantiPresiden https://www.2019gantipresiden.org/2019/01/pulang-kampanye-dari-wonogiri-sandiaga.html …",0
"PDIP berkomentar soal iring-iringan mobil untuk cawapres Sandiaga Uno di Wonogiri. Menurut PDIP, para kader menjaga Sandiaga agar nyaman di 'kandang banteng'. ",0
"""Kalau soal sambutan rakyat terhadap kehadiran Pak Sandiaga Uno, ya itulah ekspresi kecintaan temen-temen tersebut kepada Pak Jokowi,"" ungkap Ketua TKD.
#Jokowi #SandiagaUno #PIlpres2019",0
"Sbaiknya Sandi jangan asal ngomong dech ...
Klau terbukti Dhani mmang salah, apakah hrus didiamkn. 
Apa lagi Dhani sdh bnyak kasusnya.
Jngan dikit2 di hubungkn dg Politik dech. 

Ahmad Dhani Dpenjara, Sandiaga Uno: Jngan Hukum Dignakn Utk Mmukul Lwan ",0
"Viral! Berkunjung ke Wonogiri, Sandiaga Uno Disambut Teriakan 'Jokowi'. Ini Pukulan Telak Banget! @KoRnHurry @amrudinnejad_ @GagakNew @rizamsyafiq @panopticsm @AgenRHS",0
"Anggota DPR RI @AWPramestuti menampik pernyataan calon wakil presiden (cawapres) nomor urut 02 Sandiaga Uno yang menyebut nasib petani saat ini, khususnya petani tebu makin sengsara. 

#BantengBlusukanSeru",0
"Politikus PDI Perjuangan @AWPramestuti menampik tudingan calon Wakil Presiden nomor urut 02 Sandiaga Uno yang menyebut belum optimalnya infrastruktur pertanian di Indonesia serta masih dilakukannya impor pangan.

#BantengBlusukanSeru",0
"Ahmad Dhani Divonis 1,5 Tahun Penjara, Sandiaga Uno: Jangan Gunakan Hukum untuk Pukul Lawan

http://m.tribunnews.com/amp/pilpres-2019/2019/01/29/ahmad-dhani-divonis-15-tahun-penjara-sandiaga-uno-jangan-gunakan-hukum-untuk-pukul-lawan …",0
"Bertemu Komunitas Nasrani, Sandiaga Uno Janji Lindungi Semua Golongan https://goo.gl/8Q8j7T 

#Pilpres2019 #DebatPilpres2019 #DebatPilpresLiputan6 #DebatCapres",0
"Raja UTANG ya koalisi Kampret....

Sundul lagi biar makin trengginas...

Kekayaan Sandiaga Uno Melimpah Tapi Jumlah Utangnya Bikin Melongo http://bali.tribunnews.com/2017/04/21/kekayaan-sandiaga-uno-melimpah-tapi-jumlah-utangnya-bikin-melongo … lewat @Tribun_Bali",0
"Raja Kodok tanya pada cermin. Cermin cermin di dinding, Siapakah yang paling ganteng di penjuru negeri? Jawab cermin : Sandiaga Uno. Langsung Sandi tak boleh tampil di tempat terbuka.",0
"Kesalahan Makeup artis,  bukan salah Sandiaga Uno, judul sinetron ""Peduli Korban Banjir"" 

Tampak depan berlumpur
Tampak belakang bersih
Kasihan!!! 

#KoalisiMunafik
#PrabowoHinaKemenkeu",0
Ahmad Dhani Prasetyo akan menghadapi vonis atas kasus ujaran kebencian. Timses Prabowo Subianto-Sandiaga Uno berharap sang jurkamnas itu divonis bebas. ,0
"Elektabilitas Jokowi-KH Maruf Amin di Jatim masih mengungguli kompetitornya, Prabowo dan Sandiaga Uno. Itu berdasarkan survei Charta Politika yang paling baru. ",0
"Kejelian Warganet Ungkap Deretan Sandiwara Sandiaga Uno dan Korban Banjir Makassar, Sandiwara Lagi…. http://dlvr.it/QxcysX ",0
"Pulang Kampanye dari Wonogiri, Sandiaga Uno Dikawal 10 Mobil PDIP #IndonesiaAdilMakmur https://www.2019gantipresiden.org/2019/01/pulang-kampanye-dari-wonogiri-sandiaga.html …",0
"Ayo makan yg banyak bong....kalau perlu bungkus.....mumpung bpk tajir sandiaga uno yg bayarin....bukan pake uang negara loh..
Perlu sabun buat cuci tangan bong?....eh syabun...",0
"Ketua Umum PKB Muhaimin Iskandar mengakui masih ada pendukung partainya  yang cenderung memilih pasangan calon presiden nomor urut 02 Prabowo  Subianto dan Sandiaga Uno.
#CakIminMenangkanJokowi",0
"Calon Wakil Presiden Sandiaga Uno mengawali kampanyenya di Wonogiri, Jawa Tengah, dengan berlari dari hotel tempatnya menginap menuju lapangan olahraga. #Liputan6SCTV pic.twitter.com/V9CCmpgX0n",0
"Terimakasih para pendukung #01 sudah menyambut Bpk Sandiaga Uno di Kabupaten Pati, Jawa Tengah... Berkat sambutan anda, para pendukung #02PrabowoSandi memenuhi Masjid Agung Pati dan Alun-alun. #MenembusJantungBanteng https://www.facebook.com/yudhaliasgar/posts/10216575770240553 …",0
"Di Kota Gaplek, Kehadiran Sandiaga Uno Tetap Jadi Idola Emak-emak http://sieradmu.com/di-kota-gaplek-kehadiran-sandiaga-uno-tetap-jadi-idola-emak-emak/ … lewat @sieradMU #news #2019GantiPresiden @jiwa_muda2019 #wonogiri",0
Kedatangan sandiaga uno di pati di sambut heboh oleh warga pati.. simak video berikut https://www.facebook.com/100000653619069/posts/2249956371702795/ …,0
"Assalamualikum,selamat pagi & selamat beraktifitas

#hujan #banyumas #kebumen #pati #wonogiri #wonosobo #magelang #bantul #klaten #jatim #surabaya #Malang #mojokerto #banyuwangi #madiun #kediri #gresik #ponorogo #blora #blitar #sidoarjo #situbondo #madura #papua #jayapura #sorong",0
"Assalamualikum, selamat pagi & selamat beraktifitas

#rabu #pagi #banten #Serang #tangerang #pandeglang #bekasi #cikarang #karawang #JabarJuara #jateng #semarang #tegal #brebes #pekalongan #purwokerto #Purworejo #cilacap #JOGJA #pemalang #demak #jepara #purbalingga #sragen #papua",0
Sandiaga Uno Tanggapi Vonis Hukuman Ahmad Dhani https://goo.gl/fb/GhUdYX  via @Batlaxcom #terbaru,0
"Di Kampung Nelayan Manggar Balikpapan, Sandiaga Uno Ucapkan Ini https://www.2019gantipresiden.org/2019/01/di-kampung-nelayan-manggar-balikpapan.html … pic.twitter.com/SrzIiPRw0U",0
Sambutan warga boyolali terhadap cawapres No 02 sandiaga uno 02.Hidup prabowo-sandi02. #PrabowoHinaKemenkeu #Prabohong #PraboHoax #Prabohongstadium4 #Salam1Jempol #01IndonesiaMaju #01JokowiLagi #01JokowiAmin  #prabowojumatandimana #PakJKDukungJokowi ,0
Cawapres Sandiaga Uno Senam Bersama Emak-Emak di Wonogiri Jawa Tengah: http://youtu.be/0nLbAiBpDFg?a  via @YouTube,0
Juru bicara Badan Pemenangan Nasional Prabowo Subianto-Sandiaga Uno Gamal Albinsaid menyebut bahwa Prabowo-Sandi berkomitmen menjadikan kaum millenial sebagai subjek pembangunan Indonesia. Komitmen ditunjukkan lewat sejumlah program kerja yang disiapkan khusus millenial. #IFakta,0
"Deklarasi Nasional Alumni Perguruan Tinggi Seluruh Indonesia (APTSI)
  “Pemenangan Prabowo – Sandiaga Uno”.
  Di Taman Mini Indonesia Indah, Jakarta Timur.
   
  Pidato :
  Dr. H. Adhyaksa Dault S.H., http://M.Si .
  Alumni Universitas Trisakti dan UI.",0
"Sandiaga Uno dapat sambutan Meriah 
Ala Jokowi  .
Sakit tuh Sandiaga Uno saat melintas di kecematan Samampir Surabaya, Sandiaga Uno disambut""Hebob oleh 
pedukung #01JokowiAmin #Jokowi sekali lagi.
#jokowilagi 
#01JokowiBersihMerakyatKerjaNyata",1
"#CapresPilihanNetizen #pkbday
#FadliZonBegalUlama #saya01
#GraceNatMenangkanJokowi 
#JkwHOAX #PLANGA #PLONGO

Ingat Ya Guys, Suatu Keahlian diperoleh dari Pengulangan dan Terus Belajar

Never GIVE UP

Seperti Abang Gantenk Sandiaga Uno, Cawapres kita ",1
"Jokowi Kaget.
50 angkatan perwakilan PL Bersatu, teman2 @sandiuno deklatasilan dukungan kepada pasangan 01.
#PLbersatuBersamaJokowi
#OrangPintarPilihJokowi",1
"Prabowo selalu berkampaye tentang ‘bocornya’ uang Negara yang dicuri pihak Asing. Tahukah kita bahwa nama Prabowo dan Sandiaga Uno tercatat sebagai pengusaha Indonesia yang melarikan pajak (Offshore) dalam skandal Panama Paper?
#jokowilebihbaik",1
"Nyali kecebong kog di lawan..
Aceh punya 
 Bodyguard nya sandiaga Uno seram amat .. hihihi... 
#JokowiLagi 
#JokowikanJakarta 
#JatengMenangkanJokowi",1
"""Selamat Datang Bpk Sandiaga Uno di Dolopo,Kab Madiun. Tapi Mohon Maaf Pilihan Kami Sudah Tetap Jokowi-Ma'ruf""

Kami sudah muak dengan cara akal bulusmu yang selama ini kau ajarakan untuk membodohi masyarakat
#SandiwaraUno
#OrangPintarPilihJokowi
#01JokowiLagi 
#01JokowiAmin pic.twitter.com/1hsVpGVba0",1
"Cawapres Sandiaga Uno mengunjungi tempat pelelangan ikan di Pelabuhan Tasikagung, Rembang, Jawa Tengah. 

Berikut detik-detik Sandiaga Uno diteriaki nelayan dan petani garam pendukung JOKOWI..

#OrangPintarMenangkanJokowi",1
"Prabowo selalu berkampaye tentang ‘bocornya’ uang Negara yang dicuri pihak Asing. Tahukah kita bahwa nama Prabowo dan Sandiaga Uno tercatat sebagai pengusaha Indonesia yang melarikan pajak (Offshore) dalam skandal Panama Paper?
#jokowilebihbaik",1
"Kehadiran Sandiaga Uno di Pati dan Wonogiri disambut Salam METAL dan teriakan JOKOWI
hahaha...  Sudahlah bos Jangan kau masuki kandang BANTENG itu,  itu sungguh berat bagimu biar @jokowi saja",1
"Sandiaga uno Gak berani buka kaca mobil di wil juwana pati

#01JokowiLagi #Salam1Jempol",1
"Penolakan terhadap Sandiaga Uno semakin masif di mana mana, rakyat sudah muak sandiwaranya !!

#JokowiAminLebihBaik",1
Penyambutan Warga Pati Terhadap Cawapres 02 sandiaga uno.Hidup prabowo-sandi02. #CakIminMenangkanJokowi #JokowiOrangBaik #JokowiLagi #01JokowiLagi #01IndonesiaMaju #01JokowiAmin #JokowiHarapanPasti #Salam1Jempol #SandiwaraUnoLagi #Prabohong #PraboHoax ,1
sambutan negatif untk Sandiaga Uno #SandiwaraUnoLagi #jokowidicintairakyat #Jokowilagi #wonogiri #jawatengah @ulinyusron @Uki23 @TheArieAir @sy_haris @SutanRiska @sejutateman @RizmaWidiono #SatuJokowiLagi,1
Hore sandiaga uno dukung jokowi untuk 2 PRIODE.... mantap....  Tangannya dong.. 2 PRIODE,1
I love u Sandiaga Uno  ,2
WELL SANDIAGA UNO : RICH AND HANDSOME,2
You like Sandiaga Uno at indonesia ..very smart ..very handsome..and always welcome ..and care everybody and every country ..wish u all the best sir..muach,2
"the best of the bes 
prabowo&sandiaga uno",2
"Cawapres Sandiaga Uno mendapat data terakhir yang menunjukkan ketidakpastian hukum di RI menyebabkan investasi dari luar negeri menurun.

Hukum tebang pilih, tajam ke oposisi tumpul ke petahana ini salah satunya.
#IndonesiaPilihPrabowoSandi",2
"Cawapres 02  Sandiaga Uno Kampanye Di Jambi di Sambut Meriah Sama Emak2 & Milenial
#JambiMenangkanPrabowoSandi",2
"Cawapres Sandiaga Uno Ke Petani Karet: Harga Karet Naik Itu No 1 Tapi Kalo Pilih Presiden Itu Nomor... 2  Mantaaabbb... 
#JambiMenangkanPrabowoSandi",2
"UMKM Harus didukung dari perizinan hingga permodalan. Karena 80 persen usaha rakyat ini adalah UMKM,"" jelas Sandi kepada penggiat UMKM Jambi

#JambiMenangkanPrabowoSandi
#JambiMenangkanPrabowoSandi",2
#TitikTemuSandi #sandiagauno #sandiagaunoitukeren #2019PrabowoPresidenRI Cawapres Milenial. @ruangsandi @sandiuno @sobatsandi @RelawanProSandi @gerakanmilenial @RumahSandiuno @RumahSandiuno @kawanprabowo @smngtindonesia #milenialpilihprabowo #MilenialsTeam,2
"Meriah... Sandiaga Uno Diserbu Emak2 di Pasar Pelelangan Ikan Kendari, Sultra
#SultraMenangkanPrabowoSandi",2
"Pecahhh... Sandiaga Uno Kunjungi Pasar Raya Padang, Sumbar
#SumbarMemilihPrabowoSandi",2
"Apanya yg mau dipoles ?
Sudah mentok . 
Saya pilih Sandiaga Uno saja, yang asli ORI ga perlu dipoles.
Maafkan atas kejujuran saya ini pak Kyai.

#17AprCoblos02
#2019PrabowoSandiMenang",2
"@sandiuno siap menebas harga mahal dan memberantas minimnya lapangan kerja.

#RuangSandi
#SandiagaUno
#IndonesiaMenang 
#2019SaatnyaPemimpinMuda",2
"Kunjungan Calon Wakil Presiden  02, Sandiaga Uno menemui para petani karet Desa Ness, Jambi Luar Kota, Muaro Jambi. 

Tidak hanya berinteraksi, tapi juga ikut menyadap karet, mantap Bang.

Bersama @prabowo @sandiuno 
#JambiMenangkanPrabowoSandi 
#JambiMenangkanPrabowoSandi",2
"Pemimpin yang baik itu lebih banyak mendengar bukan bicara...
Mensejahterakan petani adalah salah satu misi dan visi pak @prabowo @sandiuno
Mewujudkan Indonesia Adil dan Makmur

#JambiMenangkanPrabowoSandi
#JambiMenangkanPrabowoSandi",2
"Datang Di Kendari Sultra Sandiaga Uno Disambut Histeris Emak-Emak
#SultraMenangkanPrabowoSandi 

https://kumparansultra.com/datang-di-kendari-sandiaga-uno-disambut-histeris-emak-emak/ …",2
"Dirgahayu Partai Gerindra ke 11 Tahun

Semoga partai ini bisa terus mengabdi kepada Bangsa Indonesia

Prabowo Presiden, Sandiaga Uno Wakil Presiden, Indonesia Menang!

#DirgahayuGerindra 
#DirgahayuGerindra",2
"Tetap semangat 
INDONESIA PRABOWO dan 
SANDIAGA UNO ",2
"PRABOWO-SANDIAGA UNO,PEMIMPIN KOMPAK SIAP HADIRKAN KABINET YANG KOMPAK

colek @dulatips @putrabanten80 @JackVardan @ices_tea @HotPepperminTea 
bantu RT..YA

#IndonesiaButuhPerubahan02
http://www.jurnalutama.com ",2
"Gue seneng denger pas bagian.
""Indonesia Prabowo""
""Indonesia Sandiaga Uno""

Apalagi saat semuanya mengayunkan tangan dan memberikan salam 2 jari.

#AhmadDhaniDiKriminalisasi 
#AhmadDhaniKorbanRezim",2
"Sandiaga Uno itu keren, Banyuwangi Internasional Run 2015 adalah Gagasan Sandiaga Uno.
#AkalSehatPilihPrabowoSandi 
#JkwMentokDi5Persen",2
"Cool ,,, Tajir,,, Ganteng,,, Alim,,, CERDAS  SANDIAGA UNO CAWAPRES 02 millennials 
#AkalSehatPilihPrabowoSandi

@sandiuno 
@Dahnilanzar 
@rockygerung 
@hputrasoeharto 
@Surgabidadari3 
@BangPino_",2
"Masya Allah..
Alhamdulillah wa Syukurillah..

Kabar News : Sandiaga Uno di do'akan oleh para penghafal Al-Qur'an di Gaza-Palestina..

Untuk menang dalam PILPRES sebagai pasangan Prabowo Subianto..

#SultraMenangkanPrabowoSandi 
#SultraMenangkanPrabowoSandi",2
"Sandiaga Uno Tiba Di Kendari, Emak-Emak Menunggu Di Pelelangan Ikan
#SultraMenangkanPrabowoSandi 

https://kendaripos.co.id/2018/12/sandiaga-uno-tiba-di-kendari-ratusan-emak-emak-menunggu-di-pelelangan-ikan/ …",2
"Kampanye Di Padang Sandiaga Uno Ajak Amak-Amak Goyang 2 Jari   
#SumbarMemilihPrabowoSandi 
https://news.detik.com/berita/d-4263728/kampanye-di-padang-sandiaga-uno-ajak-amak-amak-goyang-dua-jari …",2
"Sandiaga Uno, Ingin #Aceh Jadi Pusat Ekonomi Halal Dunia.
#PrabowoIndonesiaMenang 
#AcehPilihPrabowoSandi",2
"Pengusaha sandal rumahan asal Tangerang, Banten, Eko menangis sejadi-jadinya di hadapan @sandiuno. Dirinya curhat atas derasnya sepatu & sandal impor yg membuat bnyk pengusaha lokal gulung tikar.

#BantenMemilihPrabowoSandi",2
"Dateng yuk, besok kita ngobrol seru & launching branding mobil SANDIAGA UNO di Media Center #PrabowoSandi 

Insya Allah selanjutnya mobil ini akan tur pulau Jawa untuk menuju #IndonesiaMenang",2
"berdasarkan survei di Sulawesi banyak yang memilih paslon 02 karena sosok Sandiaga Uno yang dianggap mewakili milenial dan disukai kaum emak-emak.
@ices_tea @harysantana  @RPSSULSEL @Rusydi_riau40 
@DLukas_________  
#SultraMenangkanPrabowoSandi 
#SultraMenangkanPrabowoSandi",2
Emak emak melenial yg lagi ngetren.. 02 slalu.. P. Prabowo Sandiaga Uno ,2
"Bagi Pak Prabowo, saat ini kepentingan pribadinya sudah selesai.
blio berpasangan dg Sandiaga Uno hanya ingin membantu Indonesia menjadi negara yang berdaulat dlm segala hal. Sesuai dengan apa yang diamanahkan oleh para pendiri bangsa.
#indonesiaAdilMakmur ",2
"Tak jarang, meme para alumni Pangudi Luhur pendukung Jokowi itu berisi sindiran kepada Sandiaga Uno, calon wakil presiden nomor urut 02 yang notabene sesama alumni PL. Salah satu meme misalnya bertuliskan, “Bro, we are brothers but we are bothered.”
#AnakPLPilihLelakiSejati",2
"Wow ini keren bingitt..

Cawapres @sandiuno Tularkan Semangat Lewat Merchandise Unik. Sangat"" Menginspirasi 

Emang Cucok Marucok 
#PrabowoSandiUntukIndonesia",2
"InsyaAllah seluruh Kalimantan menangkan Prabowo - Sandiaga Uno.
Agar terwujud Indonesia Menang, Adil dan Makmur.

#KalbarMenangkanPrabowoSandi 
#KalbarMenangkanPrabowoSandi 
#KalbarMenangkanPrabowoSandi",2
"All of the NTB Elements together we are fighting to win Prabowo Sandiaga Uno Presidency and Vice President 2019
#NTBPilihPrabowoSandi",2
"Sandiaga Uno Bertemu dengan Petani Garam & Nelayan di TPI Tasikagung Rembang, Jawa Tengah. 

Jangan lupa ramaikan #SulselPilihPrabowoSandi",2
"Bertemu Sandiaga Uno, Pengusaha Ini Keluhkan Janji Manis Jokowi

Pemilik pabrik produksi alat-alat pertanian di Madiun, Agus Zamroni, mengeluhkan janji pemerintahan Jokowi yg membuatnya nyaris bangkrut beberapa tahun lalu. 

#2019GantiPresiden",2
Masih mau ikut program OK OCE besutan Sandiaga Uno..? #AkalSehatPilihPrabowoSandi #AnakPLPilihLelakiSejati,2
"Luar Biasa Antusias Masyarakat Minang Menyambut Sandiaga Uno
#SumbarMemilihPrabowoSandi pic.twitter.com/HUUOO6y5q6",2
"Hari ini ada Babang Tamvan Sandiaga Uno di ""Sarang"" Emak2 Batik Laweyan Solo..

Hari ini Bang Sandi milik Emak2 Laweyan Solo.. Emak2 Daerah lain harap bersabar..

#MASJIDPusatPeradabanUmat
#MASJIDPusatKekuatasnUmat pic.twitter.com/BG4X426GV8",2
"SATUAN Relawan Indonesia Raya telah mengakar di masyarakat Kalimantan Barat.
Pengurus Daerah Satria Kalbar yang diketuai Anwar Syadad Lubis ini sudah siap sepenuhnya memenangkan Capres Cawapres, Prabowo - Sandiaga Uno di Kalimantan Barat.

#KalbarMenangkanPrabowoSandi pic.twitter.com/Dpkp1QSVmm",2
"Bersama Basudara sesama Relawan Batu Api - Garuda Emas, untuk Prabowo Subianto & Sandiaga Uno. ",2
"Sandiaga Uno nyanyi #TributeToAhmadDhani
Menurutku
#JgnPilihPembohongRakyat 
Gak Boleh &
#GakMauKetipuLagi 
Kataku
#SiapaBilangRezimProRakyat 
Lalu
#PikirLagiPilihPembohong 
Selalu
#JualanJanjiBohongiRakyat",2
"Rasa kepedulian dan ke ikhlasan Cawapres 02 Bang Sandiaga Uno Tak diragukan lagi, penderitaan Gempa Lombok sangat menggugah hatinya. Bang Sandi memberikan dari uang pribadinya.....Simak video. Biar tidak di kira pamer. Viral!!
#NTBPilihPrabowoSandi 
#MilenialPilihPrabowoSandi",2
"Milenial Kompak Ayunkan Dua Jari dan Dendangkan Lirik Gubahan:

""Indonesia Prabowo""
""Indonesia Sandiaga Uno""

#PrabowoIndonesiaMenang",2
"Masih berlangsung ta'lim drumah diisi ustadz Ansufri Sambo,hadir juga ny Cawapres Sandiagauno, ustadz Muhammad al habsyi.Pilih Bulan Bintang pilih Prabowo Sandi Presiden RI 17 april 2019. ",2
"Kedatangan @sandiuno ke Kota Padang, disambut histeris emak-emak.

""Hidup @prabowo Sandi... Bang @sandiuno wakil presiden kita, Prabowo-Sandi Insya Allah menang,"" sorak para pendukung Sandiaga.

#SumbarMemilihPrabowoSandi",2
"#KalbarMenangkanPrabowoSandi 
#KalbarMenangkanPrabowoSandi 
Dimana bumi dipijak disitu langit diJunjung'......budaya santun ketimuran harus dijaga',, hasilnyapun pasti terasa'    Sandiaga Uno Berkunjung ke Kesultanan Kadriyah Pontianak ",2
"Sandiaga Uno jadi Rebutan Warga Aceh, Sementara itu yang satunya lagi sibuk sama hoax Propaganda Rusia

Kalau punya bukti laporkan saja Pak.
#PrabowoSandiIndonesiaJaya",2
"MasyaAllah...

Lagi.. cawapres Pak @sandiuno
selain mendapat sumbangan berupa uang, ternyata juga dapat tali asih bambu dampit bercabang dua. Mantul!

Alhadulillah Semoga bersama
#PrabowoSandiIndonesiaJaya",2
"#MilenialPilihPrabowoSandi
Sandiaga Uno Pengusaha Favorit Milenial
#IndonesiaMenang ",2
"jainudin cuma bisa ngibul / php 
bang sandiaga uno kasih kenyataan
#NTBPilihPrabowoSandi",2
"Penyambutan Sandiaga Uno di Tamalate Makasar Sulawwsi Selatan
#SulselPilihPrabowoSandi 
#SulselPilihPrabowoSandi",2
"SAFARI SANDI KE PATI

Hari ini, Rabu (30/1), cawapres Sandiaga Uno melakukan safari ke kabupaten Pati, salah satu dapil saya. Saya jadi ingat peristiwa beberapa tahun lalu, saat hajatan pilkada Gubernur DKI 2017. Insya Allah Prabowo-Sandi menang. ",2
"Yess..

#PapuaMemilihPrabowoSandi
#PapuaMemilihPrabowoSandi",2
"Calon Wakil Presiden RI Sandiaga Uno Bertemu dan Berdialog dengan Nelayan Pantura di TPI Juwana 2, Jawa Tengah. (Rabu, 30/1) #SulselPilihPrabowoSandi",2
"Indonesia utk Prabowo & Sandiaga Uno 

Wis Wayahe 
#AnakMudaPilihPrabowoSandi",2
"VIRAL , Anak Raja Papua Dukung Prabowo-Sandiaga Uno Di Pilpres 2019

#PapuaMemilihPrabowoSandi 
#PapuaMemilihPrabowoSandi 
#PapuaMemilihPrabowoSandi",2
"SAMBUTAN ANTUSIAS..
CAWAPRES SANDIAGA UNO KUNJUNGI KOTA WALI DEMAK, JAWA TENGAH.
RABU, 30 JANUARI 2019.

#2019PrabowoSandiMenang
#AdilMakmur",2
Korban gempa Lombok tetap semangat menyambut kunjungan bang Sandiaga Uno...  #NTBPilihPrabowoSandi,2
"Antusiasme  Warga  kabupaten Pati Saat menyambut ataupun Melepas Kunjungan Calon Wakil Presiden RI Sandiaga Uno g ke Pasar Juwana Baru, Growong Lor, Kabupaten Pati, Jawa Tengah. (Rabu, 30/1) #SulselPilihPrabowoSandi",2
"Calon Wakil Presiden RI Sandiaga Uno Menghadiri Ekonomi Kerakyatan Bersama Nasabah BMT Yaumi Mas di BMT Yaumi Mas, Jalan Kyai H.Ahmad Dahlan No.23, Pati Wetan, Pati, Jawa Tengah. (Rabu, 30/1) 
#SulselPilihPrabowoSandi",2
"Sandi Efek bikin Baper!!! PDIP Minta ijin ikut kawal kedatangan Sandiaga Uno di #Wonogiri #jateng Semakin jelas kekawatiran PDIP yang kekuatannya semakin melemah!!!
Jangan Sebut Lagi Jateng Kandang Banteng.
#MilenialPilihPrabowoSandi
#2019PrabowoPresidenRI
https://youtu.be/rWsPuaoikH8 ",2
"Mantep nih Bang Sandiaga Uno Lari Pagi dari Hotel Azana Green Resort dan Senam Bersama Emak Emak di Lapangan Barat Masjid Al Amin Dusun Mudal, Gebangharjo, Pracimantoro Wonogiri, Jawa Tengah. (Selasa, 29/1) @prabowo  @sandiuno   #MalukuPilihPrabowoSandi",2
"Luar biasa sambutan rakyat untu Sandiaga Uno di Wonogiri ini...PETJAH!!

#sandiwarauno",2
"Relawan Prabowo- Sandiaga Uno PAPUA

#PapuaMemilihPrabowoSandi 
#PapuaMemilihPrabowoSandi",2
"Ini baru partai yg pro rakyat....
Motor itu kendaraan rakyat.bukan konglomrat.
Belum ada PARTAI YG PUNYA KOMITMEN BEGINI.DAN HEBATNYA DI DUKUNG OLEH PRABOWO SANDI UNTUK DI WUJUDKAN SETELAH TERPILIH NANTI ..
SAVE...
#PRABOWO SUBIANTO.
#SANDIAGA UNO.",2
"Sandiaga Uno Bertemu dengan Ketua PW NU Kaltim, Fauzi Bachtar, Disumbang Ibu Widi ‘for Better Indonesia’ #IndonesiaMenang https://www.2019gantipresiden.org/2019/01/sandiaga-uno-bertemu-dengan-ketua-pw-nu.html …",2
"Kunjungan Calon WakilPresiden RI 2019

Calon Wakil Presiden RI Sandiaga Uno Berkunjung ke UMKM Pengrajin Mete di Rumah Ibu Hj. Samsiah, Jalan Wonogiri - Ngadirojo Lur Wonogiri, Jawa Tengah. (Selasa, 29/1)
#PrabowoIndonesiaMenang",2
"#SulselPilihPrabowoSandi 
#SulselPilihPrabowoSandi

PECAHHH !!! Di Makasar Penampilan Sabyan dan Sandiaga uno Luar biasa Penonton Membludakkk !!! ",2
"Kuning tdk berarti 1 lho... nih buktinya di Makassar kuning tapi salam 2 jari, bukti dukungan ke @prabowo @sandiuno 

Makassar memang beda, tdk mdh diintervensi.

#SulselPilihPrabowoSandi
#SulselPilihPrabowoSandi",2
"Sandiaga Uno Nyanyikan lagu DUDUK di Cafe Red Corner Makasar Sulsel
#SulselPilihPrabowoSandi 
#SulselPilihPrabowoSandi",2
"RELAWAN & PENDUKUNG 02
Muslim, Nasrani, Hindu, Budha, Katolik, Protestan

Saatnya Kembali Gaungkan Nama
Prabowo Subianto - Sandiaga Uno 

Sebarkan Prestasi, Visi Misi ,Gagasan, 
 @prabowo & @sandiuno

@adilmakmur02
#2019PrabowoPresidenRI",2
"Generasi Milenial Baru siap Turun Gunung Mendulang Suara kaum Milenial untuk PRABOWO-SANDIAGA UNO. Coblos Nomor 02 Prabowo-Sandi, pada PilPres 2019 17April 2019 #AhmadDhaniKorbanRezim #AhmadDhaniKorbanRezim #AhmadDhaniKorbanRezim",2
"Ayo kita aamiin kan ... 

Sandiaga Uno Didoakan dari Palestina Jadi Wakil Presiden RI Agar Mengikuti Jejak Salahuddin Bebaskan Al-Aqsa ",2
"Upaya Menjegal Sandiaga Uno dan Netralitas Penyelenggara Pemilu

#MalukuPilihPrabowoSandi",2
"Sandiaga Uno Hadiri Dialog Kebhinekaan di Karanganyar

#MalukuPilihPrabowoSandi",2
"Sandiaga Uno Kagum Saat Kunjungi Pembuat Wayang Beber di Wonogiri

#MalukuPilihPrabowoSandi",2
"Relawan SANG PRABU siap memenangkan dan mengawal suara pasangan Prabowo-Sandiaga Uno beserta caleg nya dari partai-partai Gerindra, PKS, PAN, Demokrat dan Berkarya. Inshaa Allah. #2019PrabowoPresidenRI",2
"Anak Raja Papua Mendukung Bapak Prabowo Subianto Dan Sandiaga Uno Menjadi Presiden Dan Wakil Presiden 
Periode 2019-2024 
#PapuaMemilihPrabowoSandi 
#PapuaMemilihPrabowoSandi",2
PRABOWO-SANDI ADIL MAKMUR INDONESIA MENANG. COBLOS NOMOR 02 Prabowo-Sandiaga Uno !! Pada 17 April 2019 Pilpres 2019 ,2
"Di Sulsel 1 keseluruhannya menang pasangan @prabowo @sandiagauno. Indikatornya, masyarakat di Sulawesi Selatan menginginkan adanya perubahan dari segi ekonomi. Seperti BBM dan listrik naik.

~ Ariyadi Arsal

#SulselPilihPrabowoSandi

http://suaranasional.id/berita/detail/prabowosandi-sudah-unggul-di-dapil-1-sulsel …",2
